ID,Tool,Keyword to validate,Route proposed,Related product,Priority judgment,US volume,Difficulty,Trend,Implementation status,Competitor reference
1,Craft Fair Stock Reconciliation,craft fair inventory tracker,/tools/craft-fair-stock-reconciliation/,Inventory & Procurement,A,UNVERIFIED,UNVERIFIED,UNVERIFIED,IN THIS RELEASE,https://stockria.com/tools/craft-fair-inventory-template
2,Boutique Size Color Stock Matrix,clothing inventory size color template,/tools/boutique-size-color-stock-matrix/,Boutique Business Planner,B,UNVERIFIED,UNVERIFIED,UNVERIFIED,IN THIS RELEASE,https://blog.bellocommerce.com/en/clothing-shop-excel-template/
3,Reserved vs Available Stock Planner,available to sell inventory calculator,/tools/reserved-vs-available-stock-planner/,Inventory & Procurement,A,UNVERIFIED,UNVERIFIED,UNVERIFIED,IN THIS RELEASE,https://shelflens.net/
4,Physical Count Adjustment Worksheet,stock count reconciliation template,/tools/physical-count-adjustment-worksheet/,Inventory & Procurement,A,UNVERIFIED,UNVERIFIED,UNVERIFIED,BACKLOG,https://stockcounts.com/stock-count-template/
5,Supplier Quote Comparison,supplier comparison matrix template,/tools/supplier-quote-comparison/,VendorPulse OS,B,UNVERIFIED,UNVERIFIED,UNVERIFIED,IN THIS RELEASE,https://businessformspro.com/forms/supplier-comparison-spreadsheet/
6,Supplier Lead Time Log,supplier lead time tracker template,/tools/supplier-lead-time-log/,VendorPulse OS,B,UNVERIFIED,UNVERIFIED,UNVERIFIED,BACKLOG,https://supplyautomate.com/tools/templates/lead-time-tracker-template
7,Small Shop Safety Stock Calculator,safety stock calculator,/tools/small-shop-safety-stock-calculator/,Inventory & Procurement,B,UNVERIFIED,UNVERIFIED,UNVERIFIED,BACKLOG,https://usersolutions.com/excel-templates/safety-stock-calculator
8,Stock Coverage Planner,weeks of supply calculator,/tools/stock-coverage-planner/,Inventory & Procurement,C,UNVERIFIED,UNVERIFIED,UNVERIFIED,BACKLOG,https://testsandtools.com/calculators/business-calculators/weeks-of-supply-calculator/
9,Dead Stock Review Planner,dead stock inventory tracker,/tools/dead-stock-review-planner/,Inventory & Procurement,B,UNVERIFIED,UNVERIFIED,UNVERIFIED,BACKLOG,https://excelguru.io/templates/inventory-management/dead-slow-moving-stock-report/
10,Boutique Return to Stock Log,return to stock checklist template,/tools/boutique-return-to-stock-log/,Boutique Business Planner,A,UNVERIFIED,UNVERIFIED,UNVERIFIED,BACKLOG,https://safetyculture.com/library/retail/stock-site-returns
11,Consignment Settlement Planner,consignment payout calculator,/tools/consignment-settlement-planner/,ConsignClear OS,B,UNVERIFIED,UNVERIFIED,UNVERIFIED,BACKLOG,https://onlinetoolstore.io/tools/consignment-shop-payout-calculator
12,Craft Market Event Profit Planner,craft fair profit calculator,/tools/craft-market-event-profit-planner/,Inventory & Procurement,B,UNVERIFIED,UNVERIFIED,UNVERIFIED,BACKLOG,https://madekeeper.com/fair-profit-calculator
13,Seasonal Stock Clearance Planner,inventory markdown planner,/tools/seasonal-stock-clearance-planner/,Boutique Business Planner,B,UNVERIFIED,UNVERIFIED,UNVERIFIED,BACKLOG,https://www.get-lumina.com/resources/inventory-planning-template
14,Bulk Buy Comparison Planner,quantity discount calculator holding cost,/tools/bulk-buy-comparison-planner/,Inventory & Procurement,B,UNVERIFIED,UNVERIFIED,UNVERIFIED,BACKLOG,https://online-tools.radiatus.com/tools/economic-order-quantity-calculator
15,Shipment Cost Allocation Tool,landed cost per SKU calculator,/tools/shipment-cost-allocation-tool/,Inventory & Procurement,C,UNVERIFIED,UNVERIFIED,UNVERIFIED,BACKLOG,https://supplyautomate.com/tools/templates/landed-cost-spreadsheet-template
16,Weekly Cash Commitments Planner,weekly cash flow planner template,/tools/weekly-cash-commitments-planner/,Cashflow-13 OS,B,UNVERIFIED,UNVERIFIED,UNVERIFIED,IN THIS RELEASE,https://www.template.net/editable/11890/weekly-cash-flow-worksheet
17,Invoice Collection Schedule,invoice collection tracker template,/tools/invoice-collection-schedule/,Sales Management System,B,UNVERIFIED,UNVERIFIED,UNVERIFIED,IN THIS RELEASE,https://www.sheetsteps.com/templates/invoice-tracker
18,Variable Income Cash Buffer Planner,irregular income cash buffer planner,/tools/variable-income-cash-buffer-planner/,Cashflow-13 OS,B,UNVERIFIED,UNVERIFIED,UNVERIFIED,BACKLOG,https://upkeeppapers.com/resources/finance-and-budgeting/irregular-income-budget-planner/
19,Supplier Payment Calendar,accounts payable payment schedule template,/tools/supplier-payment-calendar/,VendorPulse OS,B,UNVERIFIED,UNVERIFIED,UNVERIFIED,BACKLOG,https://perfectwikiforteams.com/sop-templates/accounting/accounts-payable/
20,Late Payment Cash Gap Planner,cash flow payment delay calculator,/tools/late-payment-cash-gap-planner/,Cashflow-13 OS,A,UNVERIFIED,UNVERIFIED,UNVERIFIED,BACKLOG,https://www.transformance.ai/tools/cash-flow-forecasting-tool
21,Early Payment Discount Comparison,early payment discount calculator,/tools/early-payment-discount-comparison/,Cashflow-13 OS,B,UNVERIFIED,UNVERIFIED,UNVERIFIED,BACKLOG,https://www.abovetool.com/tools/payment/calculators/early-payment-discount-calculator
22,Software Renewal Decision Planner,software renewal tracker template,/tools/software-renewal-decision-planner/,RenewGuard OS,B,UNVERIFIED,UNVERIFIED,UNVERIFIED,IN THIS RELEASE,https://expiryedge.com/templates/software-renewal-tracker/
23,Free Trial Cancellation Calendar,free trial tracker,/tools/free-trial-cancellation-calendar/,RenewGuard OS,B,UNVERIFIED,UNVERIFIED,UNVERIFIED,BACKLOG,https://www.etsy.com/listing/4546853239/free-trial-tracker-spreadsheet
24,Price Increase Budget Planner,subscription price increase calculator,/tools/price-increase-budget-planner/,RenewGuard OS,A,UNVERIFIED,UNVERIFIED,UNVERIFIED,IN THIS RELEASE,https://lowscout.com/tools/subscription-price-increase-calculator
25,13 Week Cashflow Builder,13 week cash flow template,/tools/13-week-cashflow-builder/,Cashflow-13 OS,C,UNVERIFIED,UNVERIFIED,UNVERIFIED,BACKLOG,https://julianrsterling.com/templates/13-week-cash-flow-model/
26,Retainer Hours Rollover Tracker,retainer hours tracker rollover,/tools/retainer-hours-rollover-tracker/,Agency Client Profitability & Capacity OS,A,UNVERIFIED,UNVERIFIED,UNVERIFIED,RETIRED OVERLAP - carried hours handled by Retainer Overage Calculator,https://www.metronhr.de/en/templates/client-quota-tracker-excel-template-free
27,Retainer Overage Calculator,retainer overage calculator,/tools/retainer-overage-calculator/,Agency Client Profitability & Capacity OS,A,UNVERIFIED,UNVERIFIED,UNVERIFIED,IN THIS RELEASE,https://freshlance.app/templates/retainer-hours-tracker
28,Freelancer Weekly Capacity Planner,freelancer capacity planner template,/tools/freelancer-weekly-capacity-planner/,Agency Client Profitability & Capacity OS,B,UNVERIFIED,UNVERIFIED,UNVERIFIED,IN THIS RELEASE,https://www.sheetsteps.com/templates/agency-capacity-planner
29,Fixed Fee Scope Change Planner,scope creep cost calculator,/tools/fixed-fee-scope-change-planner/,Agency Client Profitability & Capacity OS,B,UNVERIFIED,UNVERIFIED,UNVERIFIED,IN THIS RELEASE,https://freelancerworkflowkits.com/tools/scope-creep-cost-calculator/
30,Client Retainer Renewal Review,retainer profitability tracker,/tools/client-retainer-renewal-review/,Agency Client Profitability & Capacity OS,B,UNVERIFIED,UNVERIFIED,UNVERIFIED,BACKLOG,https://www.sheetsteps.com/templates/retainer-tracker
31,Billable Utilization Calculator,billable utilization calculator,/tools/billable-utilization-calculator/,Agency Client Profitability & Capacity OS,C,UNVERIFIED,UNVERIFIED,UNVERIFIED,BACKLOG,https://hourcap.com/free-tools/billable-utilization-calculator
32,Project Profitability Calculator,project profitability calculator,/tools/project-profitability-calculator/,Agency Client Profitability & Capacity OS,C,UNVERIFIED,UNVERIFIED,UNVERIFIED,BACKLOG,https://www.happycoders.in/how-to-calculate-project-profitability/
33,Repair Parts Labour Worksheet,repair estimate template generator,/tools/repair-parts-labour-worksheet/,RepairBench OS,B,UNVERIFIED,UNVERIFIED,UNVERIFIED,IN THIS RELEASE,https://baydocket.com/tools/estimate-template
34,Repair Job Handoff Planner,repair work order checklist,/tools/repair-job-handoff-planner/,RepairBench OS,A,UNVERIFIED,UNVERIFIED,UNVERIFIED,BACKLOG,https://www.maptrack.com/templates/repair-order-template
35,Rental Dispatch Return Checklist,equipment rental return checklist,/tools/rental-dispatch-return-checklist/,RentFlow OS,A,UNVERIFIED,UNVERIFIED,UNVERIFIED,BACKLOG,https://upkeeppapers.com/resources/inspections-and-checks/hire-equipment-out-and-return-check/
36,Rental Booking Conflict Checker,equipment booking conflict checker,/tools/rental-booking-conflict-checker/,RentFlow OS,B,UNVERIFIED,UNVERIFIED,UNVERIFIED,IN THIS RELEASE,https://www.bookify.com/apps/room-resource-board
37,Equipment Maintenance Due Planner,equipment maintenance schedule template,/tools/equipment-maintenance-due-planner/,RentFlow OS,B,UNVERIFIED,UNVERIFIED,UNVERIFIED,IN THIS RELEASE,https://www.smartsheet.com/content/equipment-schedule-templates
38,Calibration Due Date Planner,calibration tracking spreadsheet template,/tools/calibration-due-date-planner/,CalibraTrack OS,B,UNVERIFIED,UNVERIFIED,UNVERIFIED,BACKLOG,https://www.gagepilot.com/calibration-tracking-spreadsheet-template
39,Batch Expiry Review Planner,batch expiry tracker template,/tools/batch-expiry-review-planner/,BatchTrace OS,B,UNVERIFIED,UNVERIFIED,UNVERIFIED,BACKLOG,https://expiryedge.com/templates/
40,Document Renewal Calendar,document expiry tracker template,/tools/document-renewal-calendar/,RenewGuard OS,B,UNVERIFIED,UNVERIFIED,UNVERIFIED,BACKLOG,https://expiryedge.com/templates/
41,Executive Function Task Breakdown,executive function planner task breakdown,/tools/executive-function-task-breakdown/,ADHD Digital Planner,B,UNVERIFIED,UNVERIFIED,UNVERIFIED,BACKLOG,https://stickybrainstudio.podia.com/weekly-task-reset
42,Leave On Time Routine Planner,morning routine planner backwards,/tools/leave-on-time-routine-planner/,ADHD Digital Planner,B,UNVERIFIED,UNVERIFIED,UNVERIFIED,IN THIS RELEASE,https://minihabits.co/tools/morning-routine
43,Assignment Deadline Planner,assignment tracker deadlines,/tools/assignment-deadline-planner/,AI Student Planner,B,UNVERIFIED,UNVERIFIED,UNVERIFIED,IN THIS RELEASE,https://www.nowone-students.com/blog/assignment-tracker-template/
44,Study Catch Up Planner,study schedule maker catch up,/tools/study-catch-up-planner/,AI Student Planner,B,UNVERIFIED,UNVERIFIED,UNVERIFIED,IN THIS RELEASE,https://www.studentkit.tech/tools/study-timetable-maker
45,Homeschool Attendance Log,homeschool attendance tracker,/tools/homeschool-attendance-log/,Digital Homeschool Planner,B,UNVERIFIED,UNVERIFIED,UNVERIFIED,IN THIS RELEASE,https://attenditai.com/templates/homeschool-attendance-tracker
46,Homeschool Subject Hours Log,homeschool hours tracker by subject,/tools/homeschool-subject-hours-log/,Digital Homeschool Planner,B,UNVERIFIED,UNVERIFIED,UNVERIFIED,IN THIS RELEASE,https://upkeeppapers.com/sheets/classroom-and-childcare/homeschool-hours-log/
47,Homeschool Portfolio Index,homeschool portfolio checklist,/tools/homeschool-portfolio-index/,Digital Homeschool Planner,B,UNVERIFIED,UNVERIFIED,UNVERIFIED,IN THIS RELEASE,https://www.kuraplan.com/homeschool/templates/portfolio-checklist
48,Family Caregiver Handoff Sheet,caregiver handover template,/tools/family-caregiver-handoff-sheet/,Caregiver Planner for Aging Parents,B,UNVERIFIED,UNVERIFIED,UNVERIFIED,IN THIS RELEASE,https://www.firstyearmom.com/tools/caregiver-handoff
49,Caregiver Visit Coordination Planner,family caregiver schedule template,/tools/caregiver-visit-coordination-planner/,Caregiver Planner for Aging Parents,B,UNVERIFIED,UNVERIFIED,UNVERIFIED,IN THIS RELEASE,https://www.signupready.com/templates/caregiver-schedule
50,Content Repurposing Planner,content repurposing template,/tools/content-repurposing-planner/,Content Marketing Planner,B,UNVERIFIED,UNVERIFIED,UNVERIFIED,IN THIS RELEASE,https://unmiss.com/templates/content-repurposing-template
